{
  "epoch": [
    2,
    4,
    6
  ],
  "train_loss": [
    3.432297006120692,
    2.93769595960304,
    2.4638623535375617
  ],
  "train_accuracy": [
    0.22590442764578833,
    0.2653887688984881,
    0.35967872570194387
  ],
  "train_precision": [
    0.2561258152207477,
    0.27473138618069215,
    0.37422904719129374
  ],
  "train_recall": [
    0.22590442764578833,
    0.2653887688984881,
    0.35967872570194387
  ],
  "train_f1": [
    0.20423963154648272,
    0.24182178391363018,
    0.32317950334163087
  ],
  "val_loss": [
    1.987866754811785,
    2.0216608370122637,
    1.9950686217078313
  ],
  "val_accuracy": [
    0.10910931174089068,
    0.10688259109311742,
    0.16396761133603238
  ],
  "val_precision": [
    0.016763245379646886,
    0.02194864826409608,
    0.03994493687683928
  ],
  "val_recall": [
    0.10910931174089068,
    0.10688259109311742,
    0.16396761133603238
  ],
  "val_f1": [
    0.028889582552849614,
    0.035645755803538244,
    0.061959297563704274
  ],
  "epoch_time": [
    3655.706909418106,
    3602.3420236110687,
    3603.9206092357635
  ]
}