{
  "epoch": [
    1,
    2,
    3,
    4,
    5,
    6,
    7,
    8,
    9,
    10,
    11,
    12,
    13
  ],
  "train_loss": [
    1.857454526557131,
    1.0133302239346722,
    0.7937500843469069,
    0.6723771628490103,
    0.5698919921389476,
    0.4881924923298209,
    0.40558276496062184,
    0.32612174445629377,
    0.26614373217347204,
    0.23836237444624359,
    0.19832189583184476,
    0.15057620412525383,
    0.1364355358671666
  ],
  "train_accuracy": [
    0.24809340622258216,
    0.5634743875278396,
    0.6504015657690491,
    0.6868461901869475,
    0.7218060336100425,
    0.7610852399271107,
    0.7964500236215158,
    0.831004926773301,
    0.8683269217790376,
    0.8828372815009786,
    0.9002497131673078,
    0.9188769656475669,
    0.9268407909833299
  ],
  "train_precision": [
    0.523034128968911,
    0.5510793916692494,
    0.579586304935639,
    0.6316580731496767,
    0.6873177385833805,
    0.731712906808044,
    0.7694292608274542,
    0.8079104980076657,
    0.8515369295375573,
    0.866602574908517,
    0.8828656805395866,
    0.9056579504346738,
    0.9147461222546815
  ],
  "train_recall": [
    0.24809340622258216,
    0.5634743875278396,
    0.6504015657690491,
    0.6868461901869475,
    0.7218060336100425,
    0.7610852399271107,
    0.7964500236215158,
    0.831004926773301,
    0.8683269217790376,
    0.8828372815009786,
    0.9002497131673078,
    0.9188769656475669,
    0.9268407909833299
  ],
  "train_f1": [
    0.3153365034665886,
    0.5539794023198064,
    0.6083988165311557,
    0.6557150567269145,
    0.7029064157905692,
    0.7454403110752916,
    0.7805952095080442,
    0.8169938884601122,
    0.8556518892613978,
    0.8714020265824419,
    0.8887479665928731,
    0.9095214227188063,
    0.9189913534344858
  ],
  "val_loss": [
    0.805703475980938,
    0.5353374131729157,
    0.49646559010431607,
    0.3856100114491922,
    0.310301538128451,
    0.2557145895891895,
    0.2827105822382965,
    0.17351072816600915,
    0.14491237149781827,
    0.10871799663246103,
    0.07471894339214133,
    0.08923943598022305,
    0.06652678002745198
  ],
  "val_accuracy": [
    0.6417004048582996,
    0.7311740890688259,
    0.7637651821862348,
    0.7793522267206477,
    0.8317813765182186,
    0.8582995951417004,
    0.8489878542510122,
    0.9107287449392713,
    0.9190283400809717,
    0.9307692307692308,
    0.9497975708502024,
    0.948582995951417,
    0.9591093117408906
  ],
  "val_precision": [
    0.538966790272046,
    0.570692866267111,
    0.6541880958811951,
    0.7210939522688153,
    0.7714181195324633,
    0.8202621167126217,
    0.8123016275591041,
    0.8860035273436964,
    0.8984187967280808,
    0.900123158965723,
    0.9329166143376837,
    0.9270669435490831,
    0.9394769736261567
  ],
  "val_recall": [
    0.6417004048582996,
    0.7311740890688259,
    0.7637651821862348,
    0.7793522267206477,
    0.8317813765182186,
    0.8582995951417004,
    0.8489878542510122,
    0.9107287449392713,
    0.9190283400809717,
    0.9307692307692308,
    0.9497975708502024,
    0.948582995951417,
    0.9591093117408906
  ],
  "val_f1": [
    0.5817229280080997,
    0.6323480635978299,
    0.7032671369810524,
    0.7347597669151981,
    0.7960520631016398,
    0.8231411696646591,
    0.8127778067886007,
    0.8927734351241524,
    0.9027521748584799,
    0.9122416201446251,
    0.9396207018524821,
    0.9371559509336697,
    0.9480629142645305
  ],
  "epoch_time": [
    4898.31717467308,
    4859.742316961288,
    4879.447759151459,
    4994.940443992615,
    5071.472873687744,
    5161.688145160675,
    5185.607843875885,
    5089.045449018478,
    5084.02419924736,
    5137.684015989304,
    5149.852566719055,
    5181.301071405411,
    5178.031251192093
  ]
}