{
  "epoch": [
    1,
    2,
    3,
    4,
    5,
    6,
    7,
    8,
    9,
    10,
    11
  ],
  "train_loss": [
    2.518533092990578,
    1.8609001143401873,
    1.4262856175301046,
    1.0576329270038407,
    0.777076285421426,
    0.5747579194113296,
    0.46176782391667515,
    0.3580372336268734,
    0.28610517516023354,
    0.22990632078852855,
    0.19474183294683156
  ],
  "train_accuracy": [
    0.28467301073091716,
    0.38793277991496256,
    0.4728352567996221,
    0.5542957413781467,
    0.6319092933792265,
    0.6932577444826888,
    0.7391509752311534,
    0.7837618951204697,
    0.8121077141121684,
    0.8455827765404603,
    0.8571910643180131
  ],
  "train_precision": [
    0.16043857447849497,
    0.34433608510739466,
    0.45207599387014663,
    0.5398757248220554,
    0.6225199818019349,
    0.6895264581270772,
    0.7370487407046076,
    0.7819208933785642,
    0.8108301191908136,
    0.8443006134480348,
    0.8562736291134376
  ],
  "train_recall": [
    0.28467301073091716,
    0.38793277991496256,
    0.4728352567996221,
    0.5542957413781467,
    0.6319092933792265,
    0.6932577444826888,
    0.7391509752311534,
    0.7837618951204697,
    0.8121077141121684,
    0.8455827765404603,
    0.8571910643180131
  ],
  "train_f1": [
    0.19552479766396186,
    0.3345862560413888,
    0.43843317229096657,
    0.536666957185341,
    0.623682053808887,
    0.689690803906762,
    0.737318051262244,
    0.7825445147285266,
    0.8110847085385813,
    0.8444569318394516,
    0.8564842981786875
  ],
  "val_loss": [
    2.052747233381983,
    1.6215426590365982,
    1.2267929346309703,
    1.0256585570106518,
    0.9636598118813708,
    0.961231598241743,
    0.9813143308952595,
    1.0310672694315357,
    1.15606632781779,
    1.160125266905259,
    1.24543302239647
  ],
  "val_accuracy": [
    0.37449392712550605,
    0.4388663967611336,
    0.5325910931174089,
    0.6089068825910932,
    0.6299595141700405,
    0.6467611336032388,
    0.654251012145749,
    0.6530364372469636,
    0.644331983805668,
    0.6558704453441295,
    0.6530364372469636
  ],
  "val_precision": [
    0.2740409979429047,
    0.3392757862673187,
    0.5394913906994097,
    0.5976513392826356,
    0.6207750160899114,
    0.6410712974859086,
    0.6536602220777967,
    0.647449979282382,
    0.6399425456118473,
    0.6533125286062288,
    0.6490590593293304
  ],
  "val_recall": [
    0.37449392712550605,
    0.4388663967611336,
    0.5325910931174089,
    0.6089068825910932,
    0.6299595141700405,
    0.6467611336032388,
    0.654251012145749,
    0.6530364372469636,
    0.644331983805668,
    0.6558704453441295,
    0.6530364372469636
  ],
  "val_f1": [
    0.29742784042517184,
    0.3675600265191947,
    0.48016269963530284,
    0.5836957120396095,
    0.6131935349571569,
    0.6369983887708446,
    0.6480913092243485,
    0.6436768649296881,
    0.635197296893843,
    0.6503327365627892,
    0.6464943053667853
  ],
  "epoch_time": [
    2297.6694164276123,
    2415.494390487671,
    2408.853094100952,
    2386.0820314884186,
    2470.5607254505157,
    2377.264359474182,
    2357.5548310279846,
    2366.2873895168304,
    2295.4223749637604,
    2306.3966205120087,
    2334.978812932968
  ]
}