{
  "epoch": [
    1,
    2,
    3,
    4,
    5,
    6,
    7,
    8
  ],
  "train_loss": [
    0.7699070354644586,
    0.34840195669230783,
    0.22300724742664516,
    0.14577601528920936,
    0.097239621898785,
    0.06640296679366944,
    0.04820198706986434,
    0.03304468438447027
  ],
  "train_accuracy": [
    0.6075453870554093,
    0.8092731322129986,
    0.8698117027738409,
    0.911115610447459,
    0.9448606330566242,
    0.9610582439090234,
    0.9720591212796112,
    0.9796180063440643
  ],
  "train_precision": [
    0.5955623812181304,
    0.7986314199314136,
    0.8656850086025775,
    0.9093942337308518,
    0.9442782345363695,
    0.960841968193825,
    0.971946504345677,
    0.9795492886857969
  ],
  "train_recall": [
    0.6075453870554093,
    0.8092731322129986,
    0.8698117027738409,
    0.911115610447459,
    0.9448606330566242,
    0.9610582439090234,
    0.9720591212796112,
    0.9796180063440643
  ],
  "train_f1": [
    0.5806174036730924,
    0.7928320822805495,
    0.8658920435993354,
    0.9097288249781175,
    0.9443695030037469,
    0.9608590608645885,
    0.9719739623567765,
    0.979557683637244
  ],
  "val_loss": [
    0.4299477164665219,
    0.31849315785576854,
    0.30980138388421113,
    0.3399712340882598,
    0.3816789116221739,
    0.4619456983753776,
    0.4648345789983117,
    0.5344975654224446
  ],
  "val_accuracy": [
    0.7795546558704454,
    0.8178137651821862,
    0.8404858299595142,
    0.8439271255060729,
    0.8506072874493927,
    0.8502024291497976,
    0.8516194331983805,
    0.8518218623481781
  ],
  "val_precision": [
    0.727218571722312,
    0.8173198666587239,
    0.8348510578679034,
    0.8420710716305807,
    0.8463849860514203,
    0.8476751942351767,
    0.8484230099242921,
    0.8499859037257935
  ],
  "val_recall": [
    0.7795546558704454,
    0.8178137651821862,
    0.8404858299595142,
    0.8439271255060729,
    0.8506072874493927,
    0.8502024291497976,
    0.8516194331983805,
    0.8518218623481781
  ],
  "val_f1": [
    0.7407299380998373,
    0.8031131091048438,
    0.8349394719044103,
    0.8416610204634941,
    0.8465812448735272,
    0.8472563823144116,
    0.8494053675589004,
    0.8494797083148526
  ],
  "epoch_time": [
    2405.016750574112,
    2406.3079164028168,
    2409.20409488678,
    2407.292913198471,
    2409.5097970962524,
    2406.137945175171,
    2408.7627081871033,
    2407.6455767154694
  ]
}